Source File	Size	loadResources	load	generateSnapshots	load-configure	scan	loadDepInfo	loadInfo	checkR4R4B	generateNarratives	validate	loadLists	checkConformanceResources	checkConformanceResources2	checkConformanceResources3	generateLogicalMaps	validateExpressions	scanForUsageStats	checkURLsUnique	processProvenanceDetails	translate	generate1	generate2	generateLogicals	makeDependencies	generateExampleZip	generateValidationPack	scanProfilesForR5	scanExamplesForR5
/fsh-generated/resources/ImplementationGuide-ans.fhir.fr.hubsante.json	27253	-	0	0	0	0	0	0	23	89	0	0	0	0	0	0	0	2	0	0	43	152	215	0	0	0	9	0	3
fsh-generated/resources/CodeSystem-cs-caller-communication.json	1035	3	0	0	1	0	0	0	0	11	0	0	1	0	0	0	0	0	0	0	14	13	509	0	0	0	1	0	0
fsh-generated/resources/CodeSystem-cs-caller-type.json	2496	2	0	0	0	0	0	0	1	11	0	0	0	0	0	0	0	0	0	0	10	20	72	0	0	0	1	0	0
fsh-generated/resources/CodeSystem-cs-case-attribution.json	3485	2	0	0	0	0	0	0	2	10	0	0	1	0	0	0	0	0	0	0	7	28	65	0	0	0	2	0	0
fsh-generated/resources/CodeSystem-cs-case-priority.json	670	2	0	0	0	0	0	0	0	6	0	0	0	0	0	0	0	0	0	0	5	8	32	0	0	0	1	0	0
fsh-generated/resources/CodeSystem-cs-case-status.json	815	2	0	0	0	0	0	0	0	5	0	0	0	0	0	0	0	0	0	0	8	9	28	0	0	0	0	0	0
fsh-generated/resources/CodeSystem-cs-contact-channel.json	810	2	0	0	0	0	0	0	1	5	0	0	0	0	0	0	0	0	0	0	6	11	31	0	0	0	1	0	0
fsh-generated/resources/CodeSystem-cs-contact-type.json	833	2	0	0	0	0	0	0	0	5	0	0	1	0	0	0	0	0	0	0	7	8	28	0	0	0	0	0	0
fsh-generated/resources/CodeSystem-cs-coord-precision.json	732	1	0	0	0	0	0	0	0	5	0	0	0	0	0	0	0	0	0	0	5	9	29	0	0	0	1	0	0
fsh-generated/resources/CodeSystem-cs-decision-type.json	756	2	0	0	0	0	0	0	1	4	0	0	0	0	0	0	0	0	0	0	6	8	24	0	0	0	0	0	0
fsh-generated/resources/CodeSystem-cs-external-id-source.json	733	2	0	0	0	0	0	0	0	4	0	0	1	0	0	0	0	0	0	0	6	8	22	0	0	0	1	0	0
fsh-generated/resources/CodeSystem-cs-external-info-type.json	734	3	0	0	0	0	0	0	0	5	0	0	0	0	0	0	0	0	0	0	6	9	22	0	0	0	0	0	0
fsh-generated/resources/CodeSystem-cs-external-location-id-source.json	839	3	0	0	0	0	0	0	0	4	0	0	0	0	0	0	0	0	0	0	5	8	21	0	0	0	1	0	0
fsh-generated/resources/CodeSystem-cs-intervention-type.json	836	3	0	0	0	0	0	0	1	4	0	0	1	0	0	0	0	0	0	0	7	9	27	0	0	0	0	0	0
fsh-generated/resources/CodeSystem-cs-operator-role.json	1005	2	0	0	0	0	0	0	0	5	0	0	0	0	0	0	0	0	0	0	5	9	24	0	0	0	1	0	0
fsh-generated/resources/CodeSystem-cs-orientation-type.json	875	3	0	0	1	0	0	0	0	4	0	0	0	0	0	0	0	0	0	0	4	10	22	0	0	0	0	0	0
fsh-generated/resources/CodeSystem-cs-patient-care-level.json	652	3	0	0	0	0	0	0	0	5	0	0	1	0	0	0	0	0	0	0	6	7	22	0	0	0	1	0	0
fsh-generated/resources/CodeSystem-cs-perimeter.json	678	2	0	0	0	0	0	0	1	4	0	0	0	0	0	0	0	0	0	0	6	8	20	0	0	0	0	0	0
fsh-generated/resources/CodeSystem-cs-qualification-origin.json	1672	3	0	0	0	0	0	0	0	5	0	0	0	0	0	0	0	1	0	0	6	14	25	0	0	0	1	0	0
fsh-generated/resources/CodeSystem-cs-resource-type.json	2980	3	0	0	0	0	0	0	1	6	0	0	0	0	0	0	0	0	0	0	6	21	31	0	0	0	2	0	0
fsh-generated/resources/CodeSystem-cs-sex.json	555	3	0	0	0	0	0	0	0	4	0	0	1	0	0	0	0	0	0	0	6	8	22	0	0	0	0	0	0
fsh-generated/resources/StructureDefinition-lm-access.json	3645	4	0	12	0	0	0	0	0	67	0	0	1	0	0	0	0	0	0	0	2	61	462	0	0	0	2	0	1
fsh-generated/resources/StructureDefinition-lm-additional-information.json	1477	3	0	12	0	0	0	0	0	8	0	0	0	0	0	0	0	0	0	0	1	26	73	0	0	0	1	0	0
fsh-generated/resources/StructureDefinition-lm-administrative-file.json	1873	2	0	19	0	0	0	0	0	8	0	0	0	0	0	0	0	0	0	0	0	25	83	0	0	0	1	0	0
fsh-generated/resources/StructureDefinition-lm-alert.json	1944	3	0	15	0	0	0	0	0	8	0	0	1	0	0	0	0	0	0	0	1	26	79	0	0	0	1	0	0
fsh-generated/resources/StructureDefinition-lm-caller.json	3818	3	0	12	0	0	0	0	0	14	0	0	0	0	0	0	0	0	0	0	1	57	95	0	0	0	1	0	0
fsh-generated/resources/StructureDefinition-lm-case-details.json	2800	3	0	20	0	0	0	0	0	10	0	0	0	0	0	0	0	0	0	0	1	36	73	0	0	0	1	0	0
fsh-generated/resources/StructureDefinition-lm-city.json	1334	3	0	15	0	0	0	0	0	7	0	0	1	0	0	0	0	0	0	0	0	20	62	0	0	0	1	0	0
fsh-generated/resources/StructureDefinition-lm-contact.json	2078	3	0	17	0	0	0	0	0	9	0	0	0	0	0	0	0	0	0	0	1	25	65	0	0	0	1	0	0
fsh-generated/resources/StructureDefinition-lm-coord.json	2215	3	0	13	0	0	0	0	0	8	0	0	0	0	0	0	0	0	0	0	1	28	87	0	0	0	2	0	1
fsh-generated/resources/StructureDefinition-lm-create-case-health.json	6808	3	0	13	0	0	0	0	0	16	0	0	1	0	0	0	0	1	0	0	1	67	101	0	0	0	3	0	0
fsh-generated/resources/StructureDefinition-lm-custom-map.json	2177	3	0	12	0	0	0	0	0	9	0	0	0	0	0	0	0	0	0	0	1	27	69	0	0	0	1	0	0
fsh-generated/resources/StructureDefinition-lm-decision.json	4216	4	0	15	0	0	0	0	0	12	0	0	0	0	0	0	0	0	0	0	1	47	83	0	0	0	2	0	0
fsh-generated/resources/StructureDefinition-lm-destination.json	1642	3	0	12	1	0	0	0	0	9	0	0	1	0	0	0	0	0	0	0	0	21	56	0	0	0	1	0	0
fsh-generated/resources/StructureDefinition-lm-detailed-address.json	2373	3	0	13	0	0	0	0	0	9	0	0	0	0	0	0	0	0	0	0	1	27	46	0	0	0	1	0	0
fsh-generated/resources/StructureDefinition-lm-detailed-name.json	2099	3	0	11	0	0	0	0	0	9	0	0	0	0	0	0	0	0	0	0	0	28	48	0	0	0	1	0	0
fsh-generated/resources/StructureDefinition-lm-external-id.json	1631	2	0	12	0	0	0	0	0	8	0	0	0	0	0	0	0	0	0	0	1	23	44	0	0	0	1	0	0
fsh-generated/resources/StructureDefinition-lm-external-info.json	2027	3	0	15	0	0	0	0	0	8	0	0	1	0	0	0	0	0	0	0	0	30	44	0	0	0	1	0	1
fsh-generated/resources/StructureDefinition-lm-external-location-id.json	1894	3	0	13	0	0	0	0	0	9	0	0	0	0	0	0	0	0	0	0	0	23	45	0	0	0	1	0	0
fsh-generated/resources/StructureDefinition-lm-general-practitioner.json	2004	2	0	11	0	0	0	0	0	8	0	0	0	0	0	0	0	0	0	0	1	29	43	0	0	0	0	0	0
fsh-generated/resources/StructureDefinition-lm-geometry.json	1502	2	0	18	0	0	0	0	0	8	0	0	0	0	0	0	0	0	0	0	0	25	40	0	0	0	1	0	0
fsh-generated/resources/StructureDefinition-lm-health-motive.json	1567	1	0	10	0	0	0	0	0	7	0	0	1	0	0	0	0	0	0	0	1	22	44	0	0	0	1	0	0
fsh-generated/resources/StructureDefinition-lm-highway.json	1754	2	0	6	0	0	0	0	0	8	0	0	0	0	0	0	0	0	0	0	0	31	50	0	0	0	1	0	0
fsh-generated/resources/StructureDefinition-lm-hypothesis.json	1764	2	0	7	0	0	0	0	0	7	0	0	0	0	0	0	0	0	0	0	1	30	52	0	0	0	1	0	0
fsh-generated/resources/StructureDefinition-lm-identity.json	1742	1	0	7	0	0	0	0	0	8	0	0	0	0	0	0	0	0	0	0	0	24	42	0	0	0	0	0	0
fsh-generated/resources/StructureDefinition-lm-ins-strict-features.json	2110	2	0	7	0	0	0	0	0	67	0	0	1	0	0	0	0	0	0	0	1	25	55	0	0	0	2	0	0
fsh-generated/resources/StructureDefinition-lm-location-kind.json	1562	3	0	5	0	0	0	0	0	8	0	0	0	0	0	0	0	0	0	0	1	20	51	0	0	0	1	0	0
fsh-generated/resources/StructureDefinition-lm-location.json	3995	3	0	6	0	0	0	0	0	11	0	0	0	0	0	0	0	0	0	0	1	40	57	0	0	0	2	0	0
fsh-generated/resources/StructureDefinition-lm-main-diagnosis.json	1710	3	0	4	0	0	0	0	0	7	0	0	1	0	0	0	0	0	0	0	0	24	40	0	0	0	1	0	0
fsh-generated/resources/StructureDefinition-lm-medical-note.json	3089	3	0	4	0	0	0	0	0	9	0	0	0	0	0	0	0	0	0	0	1	35	54	0	0	0	1	0	0
fsh-generated/resources/StructureDefinition-lm-notes.json	1365	3	0	4	0	0	0	0	0	6	0	0	0	0	0	0	0	0	0	0	1	23	41	0	0	0	1	0	0
fsh-generated/resources/StructureDefinition-lm-operator.json	1822	2	0	4	0	0	0	0	0	7	0	0	1	0	0	0	0	0	0	0	0	22	40	0	0	0	1	0	0
fsh-generated/resources/StructureDefinition-lm-other-diagnosis.json	1724	2	0	4	0	0	0	0	0	18	0	0	0	0	0	0	0	0	0	0	1	21	38	0	0	0	1	0	0
fsh-generated/resources/StructureDefinition-lm-patient-detail.json	3094	2	0	6	0	0	0	0	0	7	0	0	0	0	0	0	0	1	0	0	1	34	48	0	0	0	1	0	0
fsh-generated/resources/StructureDefinition-lm-patient.json	3075	1	0	7	0	0	0	1	0	8	0	0	0	0	0	0	0	0	0	0	0	34	43	0	0	0	1	0	0
fsh-generated/resources/StructureDefinition-lm-personal-contact.json	1762	2	0	6	0	0	0	0	0	7	0	0	1	0	0	0	0	0	0	0	1	22	39	0	0	0	1	0	0
fsh-generated/resources/StructureDefinition-lm-point.json	1563	1	0	5	1	0	0	0	0	6	0	0	0	0	0	0	0	0	0	0	1	20	36	0	0	0	1	0	1
fsh-generated/resources/StructureDefinition-lm-qualification.json	3585	2	0	5	0	0	0	0	0	9	0	0	0	0	0	0	0	0	0	0	0	36	45	0	0	0	1	0	0
fsh-generated/resources/StructureDefinition-lm-risk-threat.json	1556	2	0	5	0	0	0	0	0	6	0	0	0	0	0	0	0	0	0	0	1	20	69	0	0	0	1	0	0
fsh-generated/resources/StructureDefinition-lm-way-name.json	1695	1	0	4	0	0	0	0	0	7	0	0	1	0	0	0	0	0	0	0	1	23	61	0	0	0	1	0	0
fsh-generated/resources/StructureDefinition-lm-whats-happen.json	1594	2	0	4	0	0	0	0	0	6	0	0	0	0	0	0	0	0	0	0	0	21	53	0	0	0	1	0	0
fsh-generated/resources/ValueSet-vs-caller-communication.json	513	2	0	0	0	0	0	0	0	33	0	0	0	0	0	0	0	0	0	0	7	5	52	0	0	0	1	0	0
fsh-generated/resources/ValueSet-vs-caller-type.json	449	1	0	0	0	0	0	0	0	2	0	0	0	0	0	0	0	0	0	0	5	6	30	0	0	0	0	0	0
fsh-generated/resources/ValueSet-vs-case-attribution.json	497	2	0	0	0	0	0	0	0	4	0	0	0	0	0	0	0	0	0	0	5	6	32	0	0	0	0	0	0
fsh-generated/resources/ValueSet-vs-case-priority.json	476	1	0	0	0	0	0	0	1	4	0	0	0	0	0	0	0	0	0	0	6	5	22	0	0	0	0	0	0
fsh-generated/resources/ValueSet-vs-case-status.json	452	2	0	0	0	0	0	0	0	4	0	0	0	0	0	0	0	0	0	0	6	6	24	0	0	0	1	0	0
fsh-generated/resources/ValueSet-vs-contact-channel.json	465	2	0	0	0	0	0	0	0	4	0	0	0	0	0	0	0	0	0	0	6	6	24	0	0	0	0	0	0
fsh-generated/resources/ValueSet-vs-contact-type.json	466	1	0	0	0	0	0	0	0	4	0	0	0	0	0	0	0	0	0	0	6	5	25	0	0	0	1	0	0
fsh-generated/resources/ValueSet-vs-coord-precision.json	514	1	0	0	0	0	0	0	0	4	0	0	0	0	0	0	0	0	0	0	5	6	24	0	0	0	0	0	0
fsh-generated/resources/ValueSet-vs-decision-type.json	493	2	0	0	0	0	0	0	0	4	0	0	0	0	0	0	0	0	0	0	6	5	23	0	0	0	0	0	0
fsh-generated/resources/ValueSet-vs-external-id-source.json	526	3	0	0	0	0	0	0	0	3	0	0	0	0	0	0	0	0	0	0	5	6	23	0	0	0	0	0	0
fsh-generated/resources/ValueSet-vs-external-info-type.json	509	2	0	0	0	0	0	0	1	4	0	0	0	0	0	0	0	0	0	0	4	5	26	0	0	0	1	0	0
fsh-generated/resources/ValueSet-vs-external-location-id-source.json	576	2	0	0	0	0	0	0	0	4	0	0	0	0	0	0	0	0	0	0	4	6	22	0	0	0	0	0	0
fsh-generated/resources/ValueSet-vs-intervention-type.json	480	2	0	0	0	0	0	0	0	4	0	0	0	0	0	0	0	0	0	0	4	5	24	0	0	0	0	0	0
fsh-generated/resources/ValueSet-vs-operator-role.json	523	1	0	0	0	0	0	0	0	3	0	0	0	0	0	0	0	0	0	0	5	5	26	0	0	0	1	0	0
fsh-generated/resources/ValueSet-vs-orientation-type.json	497	2	0	0	0	0	0	0	0	4	0	0	0	0	0	0	0	0	0	0	4	4	25	0	0	0	0	0	0
fsh-generated/resources/ValueSet-vs-patient-care-level.json	530	1	0	0	0	0	0	0	0	4	0	0	0	0	0	0	0	0	0	0	4	5	25	0	0	0	0	0	0
fsh-generated/resources/ValueSet-vs-perimeter.json	481	1	0	0	0	0	0	0	0	4	0	0	0	0	0	0	0	0	0	0	5	5	24	0	0	0	1	0	0
fsh-generated/resources/ValueSet-vs-qualification-origin.json	537	2	0	0	0	0	0	0	1	3	0	0	0	0	0	0	0	0	0	0	5	5	25	0	0	0	0	0	0
fsh-generated/resources/ValueSet-vs-resource-type.json	512	1	0	0	0	0	0	0	0	4	0	0	0	0	0	0	0	0	0	0	4	5	25	0	0	0	0	0	0
fsh-generated/resources/ValueSet-vs-sex.json	401	2	0	0	0	0	0	0	0	4	0	0	0	0	0	0	0	0	0	0	5	5	21	0	0	0	0	0	0
/fsh-generated/includes/menu.xml	2881	-	-	-	0	0	0	0	0	0	0	0	0	0	0	0	0	0	0	0	0	0	1	0	0	0	0	0	0
/fsh-generated/includes/fsh-link-references.md	4624	-	-	-	0	0	0	0	0	0	0	0	0	0	0	0	0	0	0	0	0	0	0	0	0	0	0	0	0
/input/data/features.yml	164	-	-	-	0	0	0	0	0	0	0	0	0	0	0	0	0	0	0	0	0	0	0	0	0	0	0	0	0
/input/pagecontent/autres_ressources.md	155	-	-	-	0	0	0	0	0	0	0	0	0	0	0	0	0	0	0	0	0	0	0	0	0	0	0	0	0
/input/pagecontent/spec-technique-interfacage.md	5815	-	-	-	0	0	0	0	0	0	0	0	0	0	0	0	0	0	0	0	0	0	1	0	0	0	0	0	0
/input/pagecontent/spec-technique-intro.md	3697	-	-	-	0	0	0	0	0	0	0	0	0	0	0	0	0	0	0	0	0	0	0	0	0	0	0	0	0
/input/pagecontent/index.md	4978	-	-	-	0	0	0	0	0	0	0	0	0	0	0	0	0	0	0	0	0	0	1	0	0	0	0	0	0
/input/pagecontent/spec-technique-messages.md	9001	-	-	-	0	0	0	0	0	0	0	0	0	0	0	0	0	0	0	0	0	0	1	0	0	0	0	0	0
/input/pagecontent/spec-fonctionnelle-intro.md	82	-	-	-	0	0	0	0	0	0	0	0	0	0	0	0	0	0	0	0	0	0	0	0	0	0	0	0	0
/input/pagecontent/spec-technique-architecture.md	5661	-	-	-	0	0	0	0	0	0	0	0	0	0	0	0	0	0	0	0	0	0	0	0	0	0	0	0	0
/input/pagecontent/change-log.md	330	-	-	-	0	0	0	0	0	0	0	0	0	0	0	0	0	0	0	0	0	0	0	0	0	0	0	0	0
/input/pagecontent/annexe-downloads.md	1727	-	-	-	0	0	0	0	0	0	0	0	0	0	0	0	0	0	0	0	0	0	0	0	0	0	0	0	0
/input/pagecontent/spec-fonctionnelle-alimentation.md	61	-	-	-	0	0	0	0	0	0	0	0	0	0	0	0	0	0	0	0	0	0	0	0	0	0	0	0	0
/input/pagecontent/annexe-securite.md	900	-	-	-	0	0	0	0	0	0	0	0	0	0	0	0	0	0	0	0	0	0	1	0	0	0	0	0	0
/input/pagecontent/spec-technique-implementation.md	3552	-	-	-	0	0	0	0	0	0	0	0	0	0	0	0	0	0	0	0	0	0	0	0	0	0	0	0	0
/template/config	0	-	-	-	0	0	0	0	0	0	0	0	0	0	0	0	0	0	0	0	0	0	0	0	0	0	0	0	0
/template/config/_config.yml	140	-	-	-	0	0	0	0	0	0	0	0	0	0	0	0	0	0	0	0	0	0	0	0	0	0	0	0	0
/input/images	0	-	-	-	0	0	0	0	0	0	0	0	0	0	0	0	0	0	0	0	0	0	0	0	0	0	0	0	0
/input/images/ci-sis-logo.png	61365	-	-	-	0	0	0	0	0	0	0	0	0	0	0	0	0	0	0	0	0	0	1	0	0	0	0	0	0
/input/images/anImage.png	36288	-	-	-	0	0	0	0	0	0	0	0	0	0	0	0	0	0	0	0	0	0	0	0	0	0	0	0	0
/temp/pages/_includes/artifacts.xml	33350	-	-	-	-	-	-	-	-	-	-	-	-	-	-	-	-	-	-	-	-	-	1	0	0	0	0	0	0
